prompt,
"Solve this problem step by step:
When the base-16 number 66666 is written in base 2, how
many base-2 digits (bits) does it have?

Think step-by-step, but limit your reasoning within the <thought> tags to 3 sentences! Don't spend lots of time thinking; I need a quick answer. Share your "
"Solve this problem step by step:
When the base-16 number 66666 is written in base 2, how
many base-2 digits (bits) does it have?

Only output the answer."
"Solve this problem step by step:
When the base-16 number 66666 is written in base 2, how
many base-2 digits (bits) does it have?

Share your reasoning, but in your response, only output the answer."






